website,whitepaper,twitter,reddit,telegram,discord,medium,instagram
https://bitcoin.org/,https://bitcoin.org/bitcoin.pdf,,https://reddit.com/r/bitcoin,,,,
https://www.ethereum.org/,https://github.com/ethereum/wiki/wiki/White-Paper,https://twitter.com/ethereum,https://reddit.com/r/ethereum,,https://discord.com/invite/CetY6Y4,,
http://dogecoin.com/,https://dogecoin.com/dogepedia/,https://twitter.com/dogecoin,https://reddit.com/r/dogecoin,,https://discord.com/invite/dogecoin,,
https://shibatoken.com/,https://github.com/shytoshikusama/shibawoofpaper/blob/main/SHIBAINU_Ecosystem_WOOF_Paper.pdf,https://twitter.com/shibtoken,https://reddit.com/r/SHIBArmy,https://t.me/shibainuthedogecoinkiller,https://discord.com/invite/shibatoken,https://allhailtheshiba.medium.com,https://www.instagram.com/shibatoken_official/
https://ethereumclassic.github.io/,https://github.com/ethereum/wiki/wiki/White-Paper,https://twitter.com/eth_classic,https://reddit.com/r/EthereumClassic,,https://discord.com/invite/bMGuZsA,,
https://uniswap.org/,https://uniswap.org/whitepaper-v3.pdf,https://twitter.com/Uniswap,https://reddit.com/r/Uniswap,,https://discord.com/invite/FCfyBSbCU5,,
https://aave.com/,https://github.com/aave/protocol-v2/blob/master/aave-v2-whitepaper.pdf,https://twitter.com/AaveAave,https://reddit.com/r/Aave_Official,https://t.me/Aavesome,https://discord.com/invite/adPfquZDZc,https://medium.com/aave,https://instagram.com/aave.aave
https://litecoin.com,,https://twitter.com/LitecoinDotCom,https://reddit.com/r/litecoin,https://t.me/litecoin,,,https://instagram.com/litecoindotcom
https://chain.link/,https://research.chain.link/whitepaper-v2.pdf,https://twitter.com/chainlink,https://reddit.com/r/chainlink,https://t.me/chainlinkofficial,https://discord.gg/aSK4zew,,
https://www.avax.network/,https://docs.avax.network/,https://twitter.com/avalancheavax,https://reddit.com/r/Avax,https://t.me/avalancheavax,https://discord.com/invite/RwXY7P6,https://medium.com/avalancheavax,
https://www.stellar.org,https://www.stellar.org/papers/stellar-consensus-protocol.pdf,https://twitter.com/StellarOrg,https://reddit.com/r/stellar,,,https://medium.com/stellar-community,
https://www.bitcoincash.org/,https://www.bitcoincash.org/bitcoin.pdf,,https://reddit.com/r/Bitcoincash,,,,
